OBJECTID,ID,Shape_Length,Shape_Area,Fate,Source,Recruit,Species,Site,Plot_ID,Year,Month,Date,Time,Survey_times
175,262,0.085881972,0.000507121,,,,PA,OL,TY3,2022,12,12/21/2022,11:47,3
193,262,0.186428789,0.001140387,,56,,PA,OL,TY3,2022,4,4/12/2022,10:51,2
192,261,0.117488685,0.000731663,D,56,,PA,OL,TY3,2022,4,4/12/2022,10:51,2
191,260,0.095996099,0.000642339,D,56,,PA,OL,TY3,2022,4,4/12/2022,10:51,2
189,259,0.068560061,0.000350346,D,,Y,PA,OL,TY3,2022,4,4/12/2022,10:51,2
174,258,0.071772221,0.000403799,,,Y,PA,OL,TY3,2022,12,12/21/2022,11:47,3
173,257,0.115424859,0.000541619,,,,PA,OL,TY3,2022,12,12/21/2022,11:47,3
188,257,0.068135482,0.000303495,,,Y,PA,OL,TY3,2022,4,4/12/2022,10:51,2
172,256,0.060516675,0.000284835,,,Y,PA,OL,TY3,2022,12,12/21/2022,11:47,3
156,255,0.245182544,0.001332684,D,,,PA,OL,TY3,2020,10,10/14/2020,14:57,1
155,254,0.272416862,0.001757872,D,,,PA,OL,TY3,2020,10,10/14/2020,14:57,1
154,253,0.05403437,0.00019245,D,,,PA,OL,TY3,2020,10,10/14/2020,14:57,1
153,252,0.225757105,0.001202956,D,,,PA,OL,TY3,2020,10,10/14/2020,14:57,1
187,251,0.087619549,0.000524845,D,,Y,PA,OL,TY3,2022,4,4/12/2022,10:51,2
171,250,0.080699353,0.000456643,,,Y,PA,OL,TY3,2022,12,12/21/2022,11:47,3
170,249,0.072643147,0.000330162,,,Y,PA,OL,TY3,2022,12,12/21/2022,11:47,3
169,248,0.225879932,0.001509316,,85,,PA,OL,TY3,2022,12,12/21/2022,11:47,3
168,247,0.385910701,0.004717312,,85,,PA,OL,TY3,2022,12,12/21/2022,11:47,3
150,246,0.104702549,0.000616971,D,,,PA,OL,TY3,2020,10,10/14/2020,14:57,1
149,245,0.135431442,0.000962779,D,,,PA,OL,TY3,2020,10,10/14/2020,14:57,1
180,244,0.098195081,0.000413388,D,76,,PA,OL,TY3,2022,4,4/12/2022,10:51,2
167,243,0.072821097,0.000302863,,,,PA,OL,TY3,2022,12,12/21/2022,11:47,3
181,263,0.0863319,0.00049543,D,76,,PA,OL,TY3,2022,4,4/12/2022,10:51,2
184,243,0.054252298,0.000165165,,,Y,PA,OL,TY3,2022,4,4/12/2022,10:51,2
183,242,0.05614087,0.000223771,D,76,,PA,OL,TY3,2022,4,4/12/2022,10:51,2
166,241,0.061200846,0.000224958,,210,,PA,OL,TY3,2022,12,12/21/2022,11:47,3
164,240,0.125708965,0.000722494,,210,,PA,OL,TY3,2022,12,12/21/2022,11:47,3
138,239,0.424831003,0.003616302,,210,,PA,OL,TY3,2022,12,12/21/2022,11:47,3
178,238,0.224060694,0.002198459,D,40,,PA,OL,TY3,2022,4,4/12/2022,10:51,2
77,237,0.414570576,0.008999731,,,,PA,OL,TY3,2022,12,12/21/2022,11:47,3
177,237,0.482698558,0.012052978,,40,,PA,OL,TY3,2022,4,4/12/2022,10:51,2
162,236,0.082287713,0.000492201,,,Y,PA,OL,TY3,2022,12,12/21/2022,11:47,3
161,235,0.727228772,0.016630335,,100+156,,PA,OL,TY3,2022,12,12/21/2022,11:47,3
160,234,0.123777518,0.000747096,,,Y,PA,OL,TY3,2022,12,12/21/2022,11:47,3
174,233,0.137835582,0.000953645,D,,Y,PA,OL,TY3,2022,4,4/12/2022,10:51,2
157,232,0.116456733,0.000428789,,180,,PA,OL,TY3,2022,12,12/21/2022,11:47,3
156,231,0.081806628,0.00038799,,180,,PA,OL,TY3,2022,12,12/21/2022,11:47,3
171,230,0.087162526,0.00043999,D,,Y,PA,OL,TY3,2022,4,4/12/2022,10:51,2
78,229,0.337983427,0.007489401,,42,,PA,OL,TY3,2022,12,12/21/2022,11:47,3
152,228,0.18722034,0.002494026,,42,,PA,OL,TY3,2022,12,12/21/2022,11:47,3
151,227,0.536061814,0.010794985,,168+226,,PA,OL,TY3,2022,12,12/21/2022,11:47,3
170,226,0.147426379,0.001137677,Fu,41,,PA,OL,TY3,2022,4,4/12/2022,10:51,2
169,225,0.130618956,0.000752412,D,41,,PA,OL,TY3,2022,4,4/12/2022,10:51,2
150,224,0.107892048,0.000733352,,,Y,PA,OL,TY3,2022,12,12/21/2022,11:47,3
149,223,0.137254918,0.001246766,,,Y,PA,OL,TY3,2022,12,12/21/2022,11:47,3
148,222,0.233535512,0.001905408,,,,PA,OL,TY3,2022,12,12/21/2022,11:47,3
166,222,0.138935217,0.00112623,,,Y,PA,OL,TY3,2022,4,4/12/2022,10:51,2
147,221,0.059349777,0.000250011,,,Y,PA,OL,TY3,2022,12,12/21/2022,11:47,3
142,220,0.144588035,0.001183048,D,,,PA,OL,TY3,2020,10,10/14/2020,14:57,1
141,219,0.103830239,0.000604866,D,,,PA,OL,TY3,2020,10,10/14/2020,14:57,1
145,218,0.163044366,0.00201714,,,Y,PA,OL,TY3,2022,12,12/21/2022,11:47,3
144,217,0.072239368,0.00031496,,,,PA,OL,TY3,2022,12,12/21/2022,11:47,3
176,217,0.07350765,0.000302507,,,Y,PA,OL,TY3,2022,4,4/12/2022,10:51,2
143,216,0.493918222,0.003005472,,212+215,,PA,OL,TY3,2022,12,12/21/2022,11:47,3
163,215,0.275191627,0.001444743,Fu,12,,PA,OL,TY3,2022,4,4/12/2022,10:51,2
141,214,0.159458572,0.000664949,,,,PA,OL,TY3,2022,12,12/21/2022,11:47,3
162,214,0.311004923,0.001615626,,12,,PA,OL,TY3,2022,4,4/12/2022,10:51,2
159,213,0.321561708,0.002821368,D,12,,PA,OL,TY3,2022,4,4/12/2022,10:51,2
160,212,0.083774518,0.000298316,Fu,11,,PA,OL,TY3,2022,4,4/12/2022,10:51,2
164,211,0.331332905,0.002287778,D,11,,PA,OL,TY3,2022,4,4/12/2022,10:51,2
157,210,1.191106352,0.013852112,Fi,,,PA,OL,TY3,2022,4,4/12/2022,10:51,2
139,210,0.735847525,0.015223892,,,,PA,OL,TY3,2020,10,10/14/2020,14:57,1
133,209,0.162748994,0.001377057,,,,PA,OL,TY3,2022,12,12/21/2022,11:47,3
172,209,0.083111227,0.000460313,,,Y,PA,OL,TY3,2022,4,4/12/2022,10:51,2
132,208,0.097477192,0.000574131,,,Y,PA,OL,TY3,2022,12,12/21/2022,11:47,3
131,207,0.080193572,0.000431969,,,Y,PA,OL,TY3,2022,12,12/21/2022,11:47,3
130,206,0.099956687,0.0006946,,,Y,PA,OL,TY3,2022,12,12/21/2022,11:47,3
129,205,0.099003991,0.000749974,,,,PA,OL,TY3,2022,12,12/21/2022,11:47,3
175,205,0.132265372,0.000894086,,,Y,PA,OL,TY3,2022,4,4/12/2022,10:51,2
128,204,0.072448818,0.000371357,,,Y,PA,OL,TY3,2022,12,12/21/2022,11:47,3
127,203,0.098164411,0.000705242,,,Y,PA,OL,TY3,2022,12,12/21/2022,11:47,3
63,202,0.375855539,0.007631875,,,,PA,OL,TY3,2022,12,12/21/2022,11:47,3
33,202,0.422889172,0.009008041,,33+34,,PA,OL,TY3,2022,4,4/12/2022,10:51,2
72,201,0.529433566,0.01299717,,17+18,,PA,OL,TY3,2022,12,12/21/2022,11:47,3
81,200,0.528263517,0.009212123,,,,PA,OL,TY3,2022,12,12/21/2022,11:47,3
37,200,0.433187724,0.006843363,,38+39,,PA,OL,TY3,2022,4,4/12/2022,10:51,2
104,199,0.415345859,0.005650911,,,,PA,OL,TY3,2022,12,12/21/2022,11:47,3
73,199,0.352485696,0.008669669,,74+75,,PA,OL,TY3,2022,4,4/12/2022,10:51,2
87,198,0.229893177,0.002854951,,264,,PA,OL,TY3,2022,12,12/21/2022,11:47,3
75,197,0.259401072,0.004477801,,,,PA,OL,TY3,2022,12,12/21/2022,11:47,3
94,197,0.119867473,0.001114501,,,Y,PA,OL,TY3,2022,4,4/12/2022,10:51,2
88,196,0.156748607,0.001308804,,264,,PA,OL,TY3,2022,12,12/21/2022,11:47,3
118,194,0.826826024,0.023002863,,86+87,,PA,OL,TY3,2022,12,12/21/2022,11:47,3
101,193,0.529208095,0.012623995,,71+170+171,,PA,OL,TY3,2022,12,12/21/2022,11:47,3
99,192,0.862109218,0.025947202,,113+69,,PA,OL,TY3,2022,12,12/21/2022,11:47,3
96,191,0.468447146,0.007521879,,110+111,,PA,OL,TY3,2022,12,12/21/2022,11:47,3
52,190,0.468259242,0.00846328,,105+107,,PA,OL,TY3,2022,12,12/21/2022,11:47,3
137,189,0.168133039,0.001237169,D,,,PA,OL,TY3,2020,10,10/14/2020,14:57,1
136,188,0.669835222,0.005845981,D,,,PA,OL,TY3,2020,10,10/14/2020,14:57,1
135,187,0.871909251,0.015166729,D,,,PA,OL,TY3,2020,10,10/14/2020,14:57,1
134,186,0.438364913,0.003955141,D,,,PA,OL,TY3,2020,10,10/14/2020,14:57,1
133,185,0.175949468,0.001075696,D,,,PA,OL,TY3,2020,10,10/14/2020,14:57,1
54,184,0.602582467,0.017195645,,,,PA,OL,TY3,2022,12,12/21/2022,11:47,3
156,184,0.692844894,0.015002838,,98+106,,PA,OL,TY3,2022,4,4/12/2022,10:51,2
155,183,0.075276309,0.000330151,Fu,,Y,PA,OL,TY3,2022,4,4/12/2022,10:51,2
154,182,0.129094839,0.000675777,Fu,,Y,PA,OL,TY3,2022,4,4/12/2022,10:51,2
153,181,0.103392478,0.000579766,D,,Y,PA,OL,TY3,2022,4,4/12/2022,10:51,2
152,180,1.100733127,0.009729424,Fi,53+179,,PA,OL,TY3,2022,4,4/12/2022,10:51,2
132,179,0.271083413,0.002044078,Fu,,,PA,OL,TY3,2020,10,10/14/2020,14:57,1
151,178,0.104257326,0.000613626,D,,Y,PA,OL,TY3,2022,4,4/12/2022,10:51,2
129,177,0.1357641,0.001251225,D,,,PA,OL,TY3,2020,10,10/14/2020,14:57,1
154,176,0.093625715,0.00065987,,,,PA,OL,TY3,2022,12,12/21/2022,11:47,3
149,176,0.160185398,0.001792141,,,Y,PA,OL,TY3,2022,4,4/12/2022,10:51,2
148,175,0.159989893,0.001574387,D,,Y,PA,OL,TY3,2022,4,4/12/2022,10:51,2
147,174,0.138034852,0.001003861,D,,,PA,OL,TY3,2022,4,4/12/2022,10:51,2
128,174,0.134594505,0.001208857,,,,PA,OL,TY3,2020,10,10/14/2020,14:57,1
119,173,0.312324576,0.004735517,D,120,,PA,OL,TY3,2022,4,4/12/2022,10:51,2
30,172,0.314433522,0.004048776,,,,PA,OL,TY3,2022,12,12/21/2022,11:47,3
118,172,0.27121535,0.004755741,,120,,PA,OL,TY3,2022,4,4/12/2022,10:51,2
71,171,0.163977322,0.000906864,Fu,72,,PA,OL,TY3,2022,4,4/12/2022,10:51,2
70,170,0.237455707,0.004065197,Fu,72,,PA,OL,TY3,2022,4,4/12/2022,10:51,2
90,169,0.400304107,0.009280484,,,,PA,OL,TY3,2022,12,12/21/2022,11:47,3
47,169,0.275601955,0.004772936,,48,,PA,OL,TY3,2022,4,4/12/2022,10:51,2
46,264,0.43756561,0.006650124,Fi,48,,PA,OL,TY3,2022,4,4/12/2022,10:51,2
168,168,0.501070793,0.009999649,Fu,41,,PA,OL,TY3,2022,4,4/12/2022,10:51,2
114,167,0.262176629,0.004578313,,,,PA,OL,TY3,2022,12,12/21/2022,11:47,3
144,167,0.182826445,0.002324485,,,Y,PA,OL,TY3,2022,4,4/12/2022,10:51,2
113,166,0.166689761,0.001888759,,,Y,PA,OL,TY3,2022,12,12/21/2022,11:47,3
110,165,0.093993494,0.000638422,,,Y,PA,OL,TY3,2022,12,12/21/2022,11:47,3
109,164,0.305434434,0.005865851,,,,PA,OL,TY3,2022,12,12/21/2022,11:47,3
143,164,0.267660284,0.00308635,,,Y,PA,OL,TY3,2022,4,4/12/2022,10:51,2
108,163,0.190091337,0.002370325,,,,PA,OL,TY3,2022,12,12/21/2022,11:47,3
141,163,0.111481314,0.000687944,,,Y,PA,OL,TY3,2022,4,4/12/2022,10:51,2
140,162,0.189480635,0.002283052,D,,Y,PA,OL,TY3,2022,4,4/12/2022,10:51,2
106,161,0.127678201,0.001148485,,,Y,PA,OL,TY3,2022,12,12/21/2022,11:47,3
94,160,0.199141178,0.002481996,,,Y,PA,OL,TY3,2022,12,12/21/2022,11:47,3
80,159,0.138013833,0.001293621,,,Y,PA,OL,TY3,2022,12,12/21/2022,11:47,3
70,158,0.075836768,0.000402416,,,Y,PA,OL,TY3,2022,12,12/21/2022,11:47,3
68,157,0.243780106,0.004011641,,,,PA,OL,TY3,2022,12,12/21/2022,11:47,3
139,157,0.149463866,0.001383595,,,,PA,OL,TY3,2022,4,4/12/2022,10:51,2
145,157,0.550972574,0.005792527,,,,PA,OL,TY3,2020,10,10/14/2020,14:57,1
138,156,0.348891974,0.006210461,Fu,,,PA,OL,TY3,2022,4,4/12/2022,10:51,2
138,156,0.425493169,0.005457949,,,,PA,OL,TY3,2020,10,10/14/2020,14:57,1
123,156,0.144066889,0.001339961,,,,PA,OL,M1,2022,12,12/21/2022,14:05,3
168,156,0.829162,0.021842479,,86+87,,PA,OL,M1,2022,3,3/31/2022,10:55,2
57,155,0.073099739,0.000350759,,,Y,PA,OL,TY3,2022,12,12/21/2022,11:47,3
109,155,0.170202471,0.001175852,D,,,PA,OL,M1,2020,10,10/14/2020,14:35,1
56,154,0.083827914,0.000479901,,,Y,PA,OL,TY3,2022,12,12/21/2022,11:47,3
48,154,0.537670724,0.010729656,,,,PA,OL,M1,2022,12,12/21/2022,14:05,3
95,154,0.493773405,0.009724802,,71,,PA,OL,M1,2022,3,3/31/2022,10:55,2
60,153,0.285320474,0.003912577,,,,PA,OL,TY3,2022,12,12/21/2022,11:47,3
137,153,0.173707917,0.001124999,,,Y,PA,OL,TY3,2022,4,4/12/2022,10:51,2
122,153,0.113848961,0.000851336,,,,PA,OL,M1,2022,12,12/21/2022,14:05,3
167,153,0.153810168,0.001582574,,,Y,PA,OL,M1,2022,3,3/31/2022,10:55,2
53,152,0.120634163,0.000987459,,,Y,PA,OL,TY3,2022,12,12/21/2022,11:47,3
121,152,0.105562649,0.00070742,,,Y,PA,OL,M1,2022,12,12/21/2022,14:05,3
48,151,0.080543041,0.000481699,,,Y,PA,OL,TY3,2022,12,12/21/2022,11:47,3
120,151,0.110442159,0.000809911,,,Y,PA,OL,M1,2022,12,12/21/2022,14:05,3
158,150,0.058840661,0.00026859,,180,,PA,OL,TY3,2022,12,12/21/2022,11:47,3
119,150,0.650698626,0.017695228,,36+37,,PA,OL,M1,2022,12,12/21/2022,14:05,3
159,149,0.200436205,0.001978176,,180,,PA,OL,TY3,2022,12,12/21/2022,11:47,3
166,149,0.305660292,0.004677373,D,,,PA,OL,M1,2022,3,3/31/2022,10:55,2
107,149,0.25946187,0.002127015,,,,PA,OL,M1,2020,10,10/14/2020,14:35,1
42,148,0.205014695,0.002774756,,182+183,,PA,OL,TY3,2022,12,12/21/2022,11:47,3
106,148,0.052953392,0.000200945,D,,,PA,OL,M1,2020,10,10/14/2020,14:35,1
41,147,0.10534986,0.000732176,,,Y,PA,OL,TY3,2022,12,12/21/2022,11:47,3
21,147,0.189923827,0.002155462,,,Y,PA,OL,M1,2022,12,12/21/2022,14:05,3
40,146,0.071402206,0.000336437,,,Y,PA,OL,TY3,2022,12,12/21/2022,11:47,3
84,146,0.497427667,0.012623873,,89+90,,PA,OL,M1,2022,12,12/21/2022,14:05,3
39,145,0.223412569,0.003050566,,,,PA,OL,TY3,2022,12,12/21/2022,11:47,3
135,145,0.122038209,0.00095764,,,Y,PA,OL,TY3,2022,4,4/12/2022,10:51,2
73,145,0.460748873,0.009663577,,50+101,,PA,OL,M1,2022,12,12/21/2022,14:05,3
38,144,0.209523351,0.002116619,,,,PA,OL,TY3,2022,12,12/21/2022,11:47,3
136,144,0.104283338,0.000574315,,,Y,PA,OL,TY3,2022,4,4/12/2022,10:51,2
39,144,0.67942451,0.023264066,,60+142,,PA,OL,M1,2022,12,12/21/2022,14:05,3
37,143,0.175279603,0.002205238,,,Y,PA,OL,TY3,2022,12,12/21/2022,11:47,3
30,143,0.464403591,0.012447723,,93+94,,PA,OL,M1,2022,12,12/21/2022,14:05,3
94,143,0.395067494,0.008980203,D,71,,PA,OL,M1,2022,3,3/31/2022,10:55,2
36,142,0.180864551,0.001791719,,,,PA,OL,TY3,2022,12,12/21/2022,11:47,3
133,142,0.096760613,0.000623956,,,Y,PA,OL,TY3,2022,4,4/12/2022,10:51,2
118,142,0.108965792,0.000836733,,,Y,PA,OL,M1,2022,12,12/21/2022,14:05,3
53,142,0.589356252,0.014194218,Fu,59+61,,PA,OL,M1,2022,3,3/31/2022,10:55,2
35,141,0.154338194,0.001648389,,,Y,PA,OL,TY3,2022,12,12/21/2022,11:47,3
115,141,0.223036064,0.002575019,,,,PA,OL,M1,2022,12,12/21/2022,14:05,3
159,141,0.211010127,0.002499281,,,,PA,OL,M1,2022,3,3/31/2022,10:55,2
100,141,0.136799965,0.001215776,,,,PA,OL,M1,2020,10,10/14/2020,14:35,1
34,140,0.146989158,0.001414464,,,Y,PA,OL,TY3,2022,12,12/21/2022,11:47,3
38,140,0.711245694,0.021966485,,,,PA,OL,M1,2022,12,12/21/2022,14:05,3
114,157,0.532060846,0.008708771,,,Y,PA,OL,M1,2022,12,12/21/2022,14:05,3
50,140,0.715486391,0.012496173,,57+58,,PA,OL,M1,2022,3,3/31/2022,10:55,2
27,139,0.140027686,0.001166263,,,Y,PA,OL,TY3,2022,12,12/21/2022,11:47,3
11,139,0.964389478,0.026386416,,,,PA,OL,M1,2022,12,12/21/2022,14:05,3
112,158,0.086178982,0.000469524,,,Y,PA,OL,M1,2022,12,12/21/2022,14:05,3
11,139,1.281523713,0.031349219,,40+41,,PA,OL,M1,2022,3,3/31/2022,10:55,2
26,138,0.092523187,0.000582656,,,Y,PA,OL,TY3,2022,12,12/21/2022,11:47,3
7,138,0.506705012,0.006347477,,,,PA,OL,M1,2022,12,12/21/2022,14:05,3
111,159,0.139614685,0.000940793,,,Y,PA,OL,M1,2022,12,12/21/2022,14:05,3
7,138,0.520382897,0.008584744,,20+21,,PA,OL,M1,2022,3,3/31/2022,10:55,2
24,137,0.2113414,0.002431662,,,,PA,OL,TY3,2022,12,12/21/2022,11:47,3
132,137,0.225860203,0.002809264,,,Y,PA,OL,TY3,2022,4,4/12/2022,10:51,2
110,137,0.149676198,0.001130387,,,,PA,OL,M1,2022,12,12/21/2022,14:05,3
158,137,0.070719943,0.000353084,,,Y,PA,OL,M1,2022,3,3/31/2022,10:55,2
23,136,0.18963807,0.002093447,,,Y,PA,OL,TY3,2022,12,12/21/2022,11:47,3
23,136,0.194057728,0.002512832,,,,PA,OL,M1,2022,12,12/21/2022,14:05,3
143,136,0.093628986,0.00052936,,,Y,PA,OL,M1,2022,3,3/31/2022,10:55,2
22,135,0.234340686,0.002550674,,,,PA,OL,TY3,2022,12,12/21/2022,11:47,3
131,135,0.14081262,0.001011925,,,Y,PA,OL,TY3,2022,4,4/12/2022,10:51,2
109,135,0.133139063,0.00116716,,,Y,PA,OL,M1,2022,12,12/21/2022,14:05,3
20,134,0.129201227,0.001055402,,,Y,PA,OL,TY3,2022,12,12/21/2022,11:47,3
108,134,0.130263916,0.001099364,,,Y,PA,OL,M1,2022,12,12/21/2022,14:05,3
19,133,0.104971208,0.000857253,,,Y,PA,OL,TY3,2022,12,12/21/2022,11:47,3
107,133,0.289335997,0.004269361,,,,PA,OL,M1,2022,12,12/21/2022,14:05,3
156,133,0.245894762,0.003222837,,,Y,PA,OL,M1,2022,3,3/31/2022,10:55,2
18,132,0.144784879,0.001431818,,,,PA,OL,TY3,2022,12,12/21/2022,11:47,3
130,132,0.07668794,0.000365203,,,Y,PA,OL,TY3,2022,4,4/12/2022,10:51,2
106,132,0.455202303,0.011135268,,,,PA,OL,M1,2022,12,12/21/2022,14:05,3
154,132,0.471603408,0.011738303,,,,PA,OL,M1,2022,3,3/31/2022,10:55,2
105,132,0.189592095,0.002759328,,,,PA,OL,M1,2020,10,10/14/2020,14:35,1
15,131,0.127494792,0.001099488,,,Y,PA,OL,TY3,2022,12,12/21/2022,11:47,3
105,131,0.160096927,0.001699383,,,Y,PA,OL,M1,2022,12,12/21/2022,14:05,3
11,130,0.309962053,0.00469299,,,,PA,OL,TY3,2022,12,12/21/2022,11:47,3
129,130,0.340655988,0.004508483,,,Y,PA,OL,TY3,2022,4,4/12/2022,10:51,2
104,130,0.200259127,0.002043264,,,Y,PA,OL,M1,2022,12,12/21/2022,14:05,3
10,129,0.182417759,0.002262574,,,,PA,OL,TY3,2022,12,12/21/2022,11:47,3
127,129,0.138102977,0.001201029,,,Y,PA,OL,TY3,2022,4,4/12/2022,10:51,2
103,129,0.321942855,0.006135446,,,,PA,OL,M1,2022,12,12/21/2022,14:05,3
164,129,0.162618235,0.002031426,,,,PA,OL,M1,2022,3,3/31/2022,10:55,2
104,129,0.104195334,0.000764297,,,,PA,OL,M1,2020,10,10/14/2020,14:35,1
9,128,0.303683798,0.005367342,,,,PA,OL,TY3,2022,12,12/21/2022,11:47,3
126,128,0.136957035,0.001181121,,,Y,PA,OL,TY3,2022,4,4/12/2022,10:51,2
102,128,0.563933369,0.011373829,,,,PA,OL,M1,2022,12,12/21/2022,14:05,3
163,128,0.219997572,0.003569784,,,,PA,OL,M1,2022,3,3/31/2022,10:55,2
102,128,0.195510378,0.002711421,,,,PA,OL,M1,2020,10,10/14/2020,14:35,1
8,127,0.17099779,0.001673434,,,,PA,OL,TY3,2022,12,12/21/2022,11:47,3
185,127,0.100410171,0.000543951,,,Y,PA,OL,TY3,2022,4,4/12/2022,10:51,2
101,127,0.402652237,0.009944957,,,,PA,OL,M1,2022,12,12/21/2022,14:05,3
162,127,0.190839318,0.00284404,,,,PA,OL,M1,2022,3,3/31/2022,10:55,2
103,127,0.140101035,0.000849051,,,,PA,OL,M1,2020,10,10/14/2020,14:35,1
6,126,0.087837528,0.0005204,,,Y,PA,OL,TY3,2022,12,12/21/2022,11:47,3
100,126,0.570726853,0.015131898,,,,PA,OL,M1,2022,12,12/21/2022,14:05,3
160,126,0.20326801,0.00291861,,,,PA,OL,M1,2022,3,3/31/2022,10:55,2
99,126,0.172263579,0.002002431,,,,PA,OL,M1,2020,10,10/14/2020,14:35,1
5,125,0.172999882,0.00186511,,,,PA,OL,TY3,2022,12,12/21/2022,11:47,3
125,125,0.118573429,0.000860506,,,Y,PA,OL,TY3,2022,4,4/12/2022,10:51,2
99,125,0.472977857,0.011356652,,,,PA,OL,M1,2022,12,12/21/2022,14:05,3
151,125,0.246416883,0.003652237,,,Y,PA,OL,M1,2022,3,3/31/2022,10:55,2
3,124,0.295106005,0.003032622,,,,PA,OL,TY3,2022,12,12/21/2022,11:47,3
124,124,0.260061064,0.002962986,,,Y,PA,OL,TY3,2022,4,4/12/2022,10:51,2
98,124,0.126028103,0.00083654,,,,PA,OL,M1,2022,12,12/21/2022,14:05,3
150,124,0.083176304,0.000302145,,,Y,PA,OL,M1,2022,3,3/31/2022,10:55,2
135,123,0.175011474,0.002407613,,,,PA,OL,TY3,2022,12,12/21/2022,11:47,3
121,123,0.166726798,0.002145033,,,Y,PA,OL,TY3,2022,4,4/12/2022,10:51,2
96,123,0.090313979,0.000371135,,,Y,PA,OL,M1,2022,12,12/21/2022,14:05,3
25,122,0.335247881,0.007015183,,,,PA,OL,TY3,2022,12,12/21/2022,11:47,3
120,122,0.293141884,0.004879066,,,,PA,OL,TY3,2022,4,4/12/2022,10:51,2
126,122,0.215042727,0.002393471,,,,PA,OL,TY3,2020,10,10/14/2020,14:57,1
94,122,0.084855531,0.000493115,,,Y,PA,OL,M1,2022,12,12/21/2022,14:05,3
93,121,0.110550622,0.000760275,,,Y,PA,OL,M1,2022,12,12/21/2022,14:05,3
125,120,0.370031578,0.006219965,Fi,,,PA,OL,TY3,2020,10,10/14/2020,14:57,1
92,120,0.06289128,0.000293549,,,Y,PA,OL,M1,2022,12,12/21/2022,14:05,3
102,119,0.344031797,0.007661021,,,,PA,OL,TY3,2022,12,12/21/2022,11:47,3
117,119,0.305970156,0.006275219,,,,PA,OL,TY3,2022,4,4/12/2022,10:51,2
124,119,0.276058523,0.004497966,,,,PA,OL,TY3,2020,10,10/14/2020,14:57,1
90,119,0.203465314,0.00227909,,,,PA,OL,M1,2022,12,12/21/2022,14:05,3
149,119,0.113530991,0.000883491,,,Y,PA,OL,M1,2022,3,3/31/2022,10:55,2
103,118,0.197388727,0.002686172,,,,PA,OL,TY3,2022,12,12/21/2022,11:47,3
116,118,0.118257291,0.000763542,,,,PA,OL,TY3,2022,4,4/12/2022,10:51,2
152,118,0.172593482,0.001432699,,,,PA,OL,TY3,2020,10,10/14/2020,14:57,1
89,118,0.06576795,0.000301126,,,Y,PA,OL,M1,2022,12,12/21/2022,14:05,3
119,117,0.203827986,0.002769727,,,,PA,OL,TY3,2022,12,12/21/2022,11:47,3
115,117,0.145639758,0.001595464,,,Y,PA,OL,TY3,2022,4,4/12/2022,10:51,2
71,117,0.164197804,0.001614939,,,,PA,OL,M1,2022,12,12/21/2022,14:05,3
148,117,0.080180538,0.000337482,,,Y,PA,OL,M1,2022,3,3/31/2022,10:55,2
120,116,0.196187558,0.001887329,,,,PA,OL,TY3,2022,12,12/21/2022,11:47,3
114,116,0.092951075,0.000649619,,,,PA,OL,TY3,2022,4,4/12/2022,10:51,2
123,116,0.152329232,0.001510829,,,,PA,OL,TY3,2020,10,10/14/2020,14:57,1
147,116,0.111041458,0.00069284,D,,Y,PA,OL,M1,2022,3,3/31/2022,10:55,2
146,115,0.404821863,0.00711659,,,,PA,OL,TY3,2022,12,12/21/2022,11:47,3
165,115,0.416277486,0.005791268,,,,PA,OL,TY3,2022,4,4/12/2022,10:51,2
140,115,0.098316402,0.000452782,,,,PA,OL,TY3,2020,10,10/14/2020,14:57,1
69,115,0.212425415,0.003165533,,,,PA,OL,M1,2022,12,12/21/2022,14:05,3
146,115,0.15129382,0.00129308,,,Y,PA,OL,M1,2022,3,3/31/2022,10:55,2
93,114,0.190643225,0.002324452,,,,PA,OL,TY3,2022,12,12/21/2022,11:47,3
112,114,0.22621128,0.003667856,,,Y,PA,OL,TY3,2022,4,4/12/2022,10:51,2
55,114,0.290502015,0.005942275,,,,PA,OL,M1,2022,12,12/21/2022,14:05,3
135,114,0.245056221,0.004320137,,,Y,PA,OL,M1,2022,3,3/31/2022,10:55,2
111,113,0.30603211,0.006648543,Fu,,,PA,OL,TY3,2022,4,4/12/2022,10:51,2
121,113,0.319823102,0.006720561,,,,PA,OL,TY3,2020,10,10/14/2020,14:57,1
70,113,0.190611467,0.001874449,,,,PA,OL,M1,2022,12,12/21/2022,14:05,3
133,113,0.100375844,0.000661037,,,Y,PA,OL,M1,2022,3,3/31/2022,10:55,2
91,112,0.408681716,0.009306543,,,,PA,OL,TY3,2022,12,12/21/2022,11:47,3
110,112,0.284811186,0.006135827,,,Y,PA,OL,TY3,2022,4,4/12/2022,10:51,2
22,112,0.242425137,0.003082854,,,,PA,OL,M1,2022,12,12/21/2022,14:05,3
132,112,0.124803511,0.000892105,,,Y,PA,OL,M1,2022,3,3/31/2022,10:55,2
109,111,0.204269013,0.002467317,Fu,,Y,PA,OL,TY3,2022,4,4/12/2022,10:51,2
31,111,0.188915346,0.002125393,,,,PA,OL,M1,2022,12,12/21/2022,14:05,3
131,111,0.093358814,0.000616557,,,Y,PA,OL,M1,2022,3,3/31/2022,10:55,2
108,110,0.227901506,0.003276271,Fu,,Y,PA,OL,TY3,2022,4,4/12/2022,10:51,2
52,110,0.211216183,0.002773091,,,,PA,OL,M1,2022,12,12/21/2022,14:05,3
127,110,0.137798454,0.001087118,,,Y,PA,OL,M1,2022,3,3/31/2022,10:55,2
49,109,0.198989243,0.002443492,,,,PA,OL,TY3,2022,12,12/21/2022,11:47,3
107,109,0.08175641,0.000446466,,,Y,PA,OL,TY3,2022,4,4/12/2022,10:51,2
2,109,0.224341416,0.00337463,,,,PA,OL,M1,2022,12,12/21/2022,14:05,3
126,109,0.134164004,0.00127479,,,Y,PA,OL,M1,2022,3,3/31/2022,10:55,2
50,108,0.19469741,0.002434195,,,,PA,OL,TY3,2022,12,12/21/2022,11:47,3
106,108,0.099146258,0.000764332,,,Y,PA,OL,TY3,2022,4,4/12/2022,10:51,2
81,108,0.333573691,0.003712156,,,,PA,OL,M1,2022,12,12/21/2022,14:05,3
92,108,0.257834811,0.004359931,,,Y,PA,OL,M1,2022,3,3/31/2022,10:55,2
105,107,0.223704299,0.002229887,Fu,,,PA,OL,TY3,2022,4,4/12/2022,10:51,2
120,107,0.183928876,0.002040676,,,,PA,OL,TY3,2020,10,10/14/2020,14:57,1
87,107,0.195142417,0.002175284,D,,Y,PA,OL,M1,2022,3,3/31/2022,10:55,2
117,106,0.154581423,0.001802653,Fu,,,PA,OL,TY3,2020,10,10/14/2020,14:57,1
83,106,0.365908449,0.006963749,,,,PA,OL,M1,2022,12,12/21/2022,14:05,3
86,106,0.262654005,0.003844742,,,Y,PA,OL,M1,2022,3,3/31/2022,10:55,2
103,105,0.204451488,0.002510532,Fu,,Y,PA,OL,TY3,2022,4,4/12/2022,10:51,2
41,105,0.178577833,0.002218506,,,,PA,OL,M1,2022,12,12/21/2022,14:05,3
83,105,0.105226413,0.000769223,,,Y,PA,OL,M1,2022,3,3/31/2022,10:55,2
55,104,0.229448422,0.003686375,,,,PA,OL,TY3,2022,12,12/21/2022,11:47,3
102,104,0.111316263,0.000918712,,,Y,PA,OL,TY3,2022,4,4/12/2022,10:51,2
43,104,0.16057166,0.001640293,,,,PA,OL,M1,2022,12,12/21/2022,14:05,3
79,104,0.072437795,0.000370362,,,Y,PA,OL,M1,2022,3,3/31/2022,10:55,2
62,103,0.199951111,0.002629268,,,,PA,OL,TY3,2022,12,12/21/2022,11:47,3
101,103,0.123794738,0.001190019,,,Y,PA,OL,TY3,2022,4,4/12/2022,10:51,2
82,103,0.354152959,0.008227553,,,,PA,OL,M1,2022,12,12/21/2022,14:05,3
77,103,0.34326769,0.007138082,,,Y,PA,OL,M1,2022,3,3/31/2022,10:55,2
134,102,0.256424615,0.004758673,,,,PA,OL,TY3,2022,12,12/21/2022,11:47,3
100,102,0.247067619,0.004423938,,,Y,PA,OL,TY3,2022,4,4/12/2022,10:51,2
69,102,0.194221544,0.001566814,D,,Y,PA,OL,M1,2022,3,3/31/2022,10:55,2
76,101,0.229412074,0.003517506,,,,PA,OL,TY3,2022,12,12/21/2022,11:47,3
99,101,0.151791042,0.001793128,,,Y,PA,OL,TY3,2022,4,4/12/2022,10:51,2
63,101,0.136753075,0.001078374,Fu,,Y,PA,OL,M1,2022,3,3/31/2022,10:55,2
98,100,0.441074853,0.007920674,Fu,,,PA,OL,TY3,2022,4,4/12/2022,10:51,2
116,100,0.353640009,0.00482724,,,,PA,OL,TY3,2020,10,10/14/2020,14:57,1
56,100,0.186961269,0.002101615,D,,Y,PA,OL,M1,2022,3,3/31/2022,10:55,2
1,99,0.23236376,0.002571814,,,,PA,OL,TY3,2022,12,12/21/2022,11:47,3
97,99,0.163038212,0.001510912,,,Y,PA,OL,TY3,2022,4,4/12/2022,10:51,2
54,99,0.423320368,0.008873217,,,,PA,OL,M1,2022,12,12/21/2022,14:05,3
30,99,0.375782566,0.008076939,,,Y,PA,OL,M1,2022,3,3/31/2022,10:55,2
115,98,0.143866855,0.001264029,Fu,,,PA,OL,TY3,2020,10,10/14/2020,14:57,1
77,98,0.368110346,0.00724658,,,,PA,OL,M1,2022,12,12/21/2022,14:05,3
24,98,0.235185112,0.002761682,,,Y,PA,OL,M1,2022,3,3/31/2022,10:55,2
114,97,0.082765931,0.000436041,D,,,PA,OL,TY3,2020,10,10/14/2020,14:57,1
97,97,0.12018023,0.001001074,D,,,PA,OL,M1,2020,10,10/14/2020,14:35,1
113,96,0.095779688,0.000635613,D,,,PA,OL,TY3,2020,10,10/14/2020,14:57,1
96,96,0.129738114,0.001306627,D,,,PA,OL,M1,2020,10,10/14/2020,14:35,1
112,95,0.260601003,0.002188688,D,,,PA,OL,TY3,2020,10,10/14/2020,14:57,1
50,95,0.175106627,0.001694121,,,,PA,OL,M1,2022,12,12/21/2022,14:05,3
137,95,0.384822725,0.006489205,,,,PA,OL,M1,2022,3,3/31/2022,10:55,2
95,95,0.380533489,0.008592585,,,,PA,OL,M1,2020,10,10/14/2020,14:35,1
111,94,0.246552395,0.001552401,D,,,PA,OL,TY3,2020,10,10/14/2020,14:57,1
129,94,0.237530744,0.004290305,Fu,,,PA,OL,M1,2022,3,3/31/2022,10:55,2
94,94,0.075937696,0.000444855,,,,PA,OL,M1,2020,10,10/14/2020,14:35,1
110,93,0.508662495,0.006559887,D,,,PA,OL,TY3,2020,10,10/14/2020,14:57,1
128,93,0.266176235,0.005127069,Fu,,,PA,OL,M1,2022,3,3/31/2022,10:55,2
93,93,0.154675087,0.001377197,,,,PA,OL,M1,2020,10,10/14/2020,14:35,1
109,92,0.464280091,0.010706039,D,,,PA,OL,TY3,2020,10,10/14/2020,14:57,1
79,92,0.187834626,0.002107755,,,,PA,OL,M1,2022,12,12/21/2022,14:05,3
130,92,0.567202572,0.014958484,,,,PA,OL,M1,2022,3,3/31/2022,10:55,2
92,92,0.56478385,0.016438419,,,,PA,OL,M1,2020,10,10/14/2020,14:35,1
28,91,0.430454511,0.006914821,,,,PA,OL,TY3,2022,12,12/21/2022,11:47,3
89,91,0.36846429,0.008918037,,,,PA,OL,TY3,2022,4,4/12/2022,10:51,2
108,91,0.375173762,0.007655667,,,,PA,OL,TY3,2020,10,10/14/2020,14:57,1
47,91,0.657362127,0.025870001,,,,PA,OL,M1,2022,12,12/21/2022,14:05,3
93,91,0.527104884,0.019400053,,,,PA,OL,M1,2022,3,3/31/2022,10:55,2
91,91,0.445271987,0.014483319,,,,PA,OL,M1,2020,10,10/14/2020,14:35,1
115,90,0.527810612,0.012561303,,,,PA,OL,TY3,2022,12,12/21/2022,11:47,3
88,90,0.432342399,0.010810239,,,,PA,OL,TY3,2022,4,4/12/2022,10:51,2
107,90,0.354715657,0.007918814,,,,PA,OL,TY3,2020,10,10/14/2020,14:57,1
89,90,0.273138144,0.004379998,Fu,,,PA,OL,M1,2022,3,3/31/2022,10:55,2
90,90,0.169912604,0.001963847,,,,PA,OL,M1,2020,10,10/14/2020,14:35,1
137,89,0.425461503,0.010250768,,,,PA,OL,TY3,2022,12,12/21/2022,11:47,3
87,89,0.40640109,0.00947553,,,,PA,OL,TY3,2022,4,4/12/2022,10:51,2
106,89,0.246878709,0.00264162,,,,PA,OL,TY3,2020,10,10/14/2020,14:57,1
88,89,0.255133262,0.00422863,Fu,,,PA,OL,M1,2022,3,3/31/2022,10:55,2
89,89,0.13858446,0.001284267,,,,PA,OL,M1,2020,10,10/14/2020,14:35,1
136,88,0.380636092,0.009956899,,,,PA,OL,TY3,2022,12,12/21/2022,11:47,3
86,88,0.375648773,0.00997889,,,,PA,OL,TY3,2022,4,4/12/2022,10:51,2
105,88,0.220508143,0.00353071,,,,PA,OL,TY3,2020,10,10/14/2020,14:57,1
87,88,0.366183095,0.008028634,,,,PA,OL,M1,2022,12,12/21/2022,14:05,3
76,88,0.368300903,0.006139534,,,,PA,OL,M1,2022,3,3/31/2022,10:55,2
88,88,0.311901231,0.005889343,,,,PA,OL,M1,2020,10,10/14/2020,14:35,1
85,87,0.330577689,0.006995433,Fu,,,PA,OL,TY3,2022,4,4/12/2022,10:51,2
104,87,0.279474786,0.004254678,,,,PA,OL,TY3,2020,10,10/14/2020,14:57,1
87,87,0.56814065,0.011628269,Fu,,,PA,OL,M1,2020,10,10/14/2020,14:35,1
84,86,0.513094399,0.016717461,Fu,,,PA,OL,TY3,2022,4,4/12/2022,10:51,2
103,86,0.489338938,0.012447373,,,,PA,OL,TY3,2020,10,10/14/2020,14:57,1
86,86,0.354289442,0.008230369,Fu,,,PA,OL,M1,2020,10,10/14/2020,14:35,1
186,85,0.655343659,0.012693706,Fi,,,PA,OL,TY3,2022,4,4/12/2022,10:51,2
102,85,0.401381944,0.010544435,,,,PA,OL,TY3,2020,10,10/14/2020,14:57,1
42,85,0.265248395,0.004132649,,,,PA,OL,M1,2022,12,12/21/2022,14:05,3
78,85,0.202234949,0.002693732,,,,PA,OL,M1,2022,3,3/31/2022,10:55,2
85,85,0.192376913,0.002842749,,,,PA,OL,M1,2020,10,10/14/2020,14:35,1
111,84,0.475813459,0.012651778,,,,PA,OL,TY3,2022,12,12/21/2022,11:47,3
82,84,0.421449663,0.011087121,,,,PA,OL,TY3,2022,4,4/12/2022,10:51,2
101,84,0.259167629,0.005088605,,,,PA,OL,TY3,2020,10,10/14/2020,14:57,1
45,84,0.265690289,0.004736223,,,,PA,OL,M1,2022,12,12/21/2022,14:05,3
81,84,0.206895443,0.002898808,,,,PA,OL,M1,2022,3,3/31/2022,10:55,2
84,84,0.095000811,0.000621671,,,,PA,OL,M1,2020,10,10/14/2020,14:35,1
112,83,0.555582582,0.020215678,,,,PA,OL,TY3,2022,12,12/21/2022,11:47,3
81,83,0.509639257,0.017760058,,,,PA,OL,TY3,2022,4,4/12/2022,10:51,2
100,83,0.42624766,0.01212885,,,,PA,OL,TY3,2020,10,10/14/2020,14:57,1
44,83,0.236082558,0.003715808,,,,PA,OL,M1,2022,12,12/21/2022,14:05,3
80,83,0.136355357,0.001169675,,,,PA,OL,M1,2022,3,3/31/2022,10:55,2
83,83,0.074754312,0.000361121,,,,PA,OL,M1,2020,10,10/14/2020,14:35,1
99,82,0.120052898,0.001100492,D,,,PA,OL,TY3,2020,10,10/14/2020,14:57,1
46,82,0.403515373,0.009336063,,,,PA,OL,M1,2022,12,12/21/2022,14:05,3
82,82,0.347008732,0.006705219,,,,PA,OL,M1,2022,3,3/31/2022,10:55,2
82,82,0.157993048,0.001566288,,,,PA,OL,M1,2020,10,10/14/2020,14:35,1
32,81,0.305119673,0.004045349,,,,PA,OL,TY3,2022,12,12/21/2022,11:47,3
79,81,0.201162342,0.002274984,,,,PA,OL,TY3,2022,4,4/12/2022,10:51,2
98,81,0.169374496,0.001312048,,,,PA,OL,TY3,2020,10,10/14/2020,14:57,1
64,81,0.65432147,0.024127276,,,,PA,OL,M1,2022,12,12/21/2022,14:05,3
68,81,0.607029144,0.022651772,,,,PA,OL,M1,2022,3,3/31/2022,10:55,2
81,81,0.643701184,0.025202569,,,,PA,OL,M1,2020,10,10/14/2020,14:35,1
33,80,0.515811771,0.014386143,,,,PA,OL,TY3,2022,12,12/21/2022,11:47,3
78,80,0.529638618,0.015250773,,,,PA,OL,TY3,2022,4,4/12/2022,10:51,2
97,80,0.306052487,0.006706823,,,,PA,OL,TY3,2020,10,10/14/2020,14:57,1
76,80,0.406939577,0.00837285,,,,PA,OL,M1,2022,12,12/21/2022,14:05,3
39,80,0.334920881,0.00374478,,,,PA,OL,M1,2022,3,3/31/2022,10:55,2
80,80,0.343832018,0.00564949,,,,PA,OL,M1,2020,10,10/14/2020,14:35,1
96,79,0.356859149,0.007589704,D,,,PA,OL,TY3,2020,10,10/14/2020,14:57,1
35,79,0.413387739,0.008252701,D,,,PA,OL,M1,2022,3,3/31/2022,10:55,2
79,79,0.369974723,0.007391645,,,,PA,OL,M1,2020,10,10/14/2020,14:35,1
95,78,0.673122973,0.016424249,D,,,PA,OL,TY3,2020,10,10/14/2020,14:57,1
105,77,0.408244204,0.008461911,,,,PA,OL,TY3,2022,12,12/21/2022,11:47,3
75,77,0.254396448,0.004166112,,,,PA,OL,TY3,2022,4,4/12/2022,10:51,2
94,77,0.114582784,0.000669335,,,,PA,OL,TY3,2020,10,10/14/2020,14:57,1
93,76,0.549516503,0.012417118,Fi,,,PA,OL,TY3,2020,10,10/14/2020,14:57,1
5,76,0.12840444,0.000924151,,,,PA,OL,M1,2022,12,12/21/2022,14:05,3
4,76,0.10587524,0.000713809,,,,PA,OL,M1,2022,3,3/31/2022,10:55,2
76,76,0.067626333,0.000261404,,,,PA,OL,M1,2020,10,10/14/2020,14:35,1
92,75,0.141480321,0.001119842,Fu,,,PA,OL,TY3,2020,10,10/14/2020,14:57,1
55,75,0.247628924,0.002585,D,,,PA,OL,M2,2020,10,10/12/2020,14:21,1
80,75,0.549907276,0.016235879,,,,PA,OL,M1,2022,12,12/21/2022,14:05,3
91,75,0.397228623,0.008387886,,,,PA,OL,M1,2022,3,3/31/2022,10:55,2
75,75,0.359959253,0.005552328,,,,PA,OL,M1,2020,10,10/14/2020,14:35,1
91,74,0.270440777,0.003567913,Fu,,,PA,OL,TY3,2020,10,10/14/2020,14:57,1
49,74,0.327792853,0.005786633,,74,,PA,OL,M2,2022,12,12/21/2022,12:45,3
1,74,0.265890402,0.002797,Fi,3+49, ,PA,OL,M2,2022,1,1/18/2022,16:36,2
54,74,0.192502307,0.002571,D, , ,PA,OL,M2,2020,10,10/12/2020,14:21,1
86,74,0.781289732,0.025707433,,,,PA,OL,M1,2022,12,12/21/2022,14:05,3
90,74,0.657087522,0.024019708,,,,PA,OL,M1,2022,3,3/31/2022,10:55,2
74,74,0.599511076,0.020002642,,,,PA,OL,M1,2020,10,10/14/2020,14:35,1
179,73,0.232359836,0.002663378,D,,,PA,OL,TY3,2022,4,4/12/2022,10:51,2
90,73,0.149887659,0.001523005,,,,PA,OL,TY3,2020,10,10/14/2020,14:57,1
3,73,0.369900471,0.00904031,,42,,PA,OL,M2,2022,12,12/21/2022,12:45,3
72,73,0.628302495,0.022234594,D,,,PA,OL,M1,2022,3,3/31/2022,10:55,2
73,73,0.55206688,0.015869773,,,,PA,OL,M1,2020,10,10/14/2020,14:35,1
88,72,0.288123356,0.004265119,Fi,,,PA,OL,TY3,2020,10,10/14/2020,14:57,1
50,72,0.221384843,0.00270196,,42,,PA,OL,M2,2022,12,12/21/2022,12:45,3
72,72,0.302735608,0.005451262,D,,,PA,OL,M1,2020,10,10/14/2020,14:35,1
69,71,0.25074143,0.003970196,Fu,,,PA,OL,TY3,2022,4,4/12/2022,10:51,2
87,71,0.199267448,0.002159971,,,,PA,OL,TY3,2020,10,10/14/2020,14:57,1
27,71,0.10046846,0.0004138,D,,,PA,OL,M2,2020,10,10/12/2020,14:21,1
71,71,0.699613523,0.014671907,Fi,,,PA,OL,M1,2020,10,10/14/2020,14:35,1
122,70,0.532743914,0.011798026,,,,PA,OL,TY3,2022,12,12/21/2022,11:47,3
68,70,0.390635158,0.01023088,,,,PA,OL,TY3,2022,4,4/12/2022,10:51,2
86,70,0.227333065,0.003464102,,,,PA,OL,TY3,2020,10,10/14/2020,14:57,1
37,70,0.501410073,0.011517967,,68,,PA,OL,M2,2022,12,12/21/2022,12:45,3
70,70,0.073217455,0.000350278,D,,,PA,OL,M1,2020,10,10/14/2020,14:35,1
67,69,0.509845379,0.013190364,Fu,,,PA,OL,TY3,2022,4,4/12/2022,10:51,2
85,69,0.396588036,0.011408178,,,,PA,OL,TY3,2020,10,10/14/2020,14:57,1
36,69,0.454400023,0.012320634,,68,,PA,OL,M2,2022,12,12/21/2022,12:45,3
57,69,0.326075477,0.006599331,,,,PA,OL,M1,2022,12,12/21/2022,14:05,3
40,69,0.316312255,0.004784745,,,,PA,OL,M1,2022,3,3/31/2022,10:55,2
69,69,0.156776666,0.001511882,,,,PA,OL,M1,2020,10,10/14/2020,14:35,1
100,68,0.347722974,0.006511034,,,,PA,OL,TY3,2022,12,12/21/2022,11:47,3
66,68,0.54326725,0.01697839,,,,PA,OL,TY3,2022,4,4/12/2022,10:51,2
83,68,0.440320989,0.010545679,,,,PA,OL,TY3,2020,10,10/14/2020,14:57,1
38,68,0.811550847,0.03109,Fi, , ,PA,OL,M2,2022,1,1/18/2022,16:36,2
41,68,1.157798342,0.03305, ,,,PA,OL,M2,2020,10,10/12/2020,14:21,1
37,68,0.143564211,0.001065614,D,,,PA,OL,M1,2022,3,3/31/2022,10:55,2
68,68,0.059720968,0.000245711,,,,PA,OL,M1,2020,10,10/14/2020,14:35,1
97,67,0.390811836,0.009008157,,,,PA,OL,TY3,2022,12,12/21/2022,11:47,3
65,67,0.384922642,0.009421133,,,,PA,OL,TY3,2022,4,4/12/2022,10:51,2
82,67,0.213146114,0.003373067,,,,PA,OL,TY3,2020,10,10/14/2020,14:57,1
27,67,0.359271783,0.005461,Fu,39, ,PA,OL,M2,2022,1,1/18/2022,16:36,2
67,67,0.191720342,0.001970469,D,,,PA,OL,M1,2020,10,10/14/2020,14:35,1
81,66,0.199981246,0.002133412,D,,,PA,OL,TY3,2020,10,10/14/2020,14:57,1
34,66,0.408454489,0.008041161,,,,PA,OL,M2,2022,12,12/21/2022,12:45,3
26,66,0.438323719,0.007233, ,39, ,PA,OL,M2,2022,1,1/18/2022,16:36,2
66,66,0.058310003,0.000209788,D,,,PA,OL,M1,2020,10,10/14/2020,14:35,1
80,65,0.162726128,0.000974697,D,,,PA,OL,TY3,2020,10,10/14/2020,14:57,1
18,65,0.211882636,0.002855116,,,,PA,OL,M2,2022,12,12/21/2022,12:45,3
43,75,0.406090911,0.008673306,,16+47,,PA,OL,M2,2022,12,12/21/2022,12:45,3
3,65,0.538355609,0.01326, ,4+43,,PA,OL,M2,2022,1,1/18/2022,16:36,2
40,65,0.387346324,0.007412327,,,,PA,OL,M1,2022,12,12/21/2022,14:05,3
70,65,0.707119922,0.02061722,,,,PA,OL,M1,2022,3,3/31/2022,10:55,2
65,65,0.630383544,0.015774787,,,,PA,OL,M1,2020,10,10/14/2020,14:35,1
79,64,0.273891925,0.001874289,D,,,PA,OL,TY3,2020,10,10/14/2020,14:57,1
33,64,0.734650115,0.019397668,,28+67,,PA,OL,M2,2022,12,12/21/2022,12:45,3
34,64,0.312761489,0.005694306,,,,PA,OL,M1,2022,12,12/21/2022,14:05,3
60,64,0.263540626,0.003775448,,,,PA,OL,M1,2022,3,3/31/2022,10:55,2
64,64,0.134700963,0.00108285,,,,PA,OL,M1,2020,10,10/14/2020,14:35,1
78,63,0.209114337,0.002221751,D,,,PA,OL,TY3,2020,10,10/14/2020,14:57,1
47,63,0.392100096,0.009077636,,,,PA,OL,M2,2022,12,12/21/2022,12:45,3
43,63,0.360551452,0.005532, , ,Y,PA,OL,M2,2022,1,1/18/2022,16:36,2
58,63,0.206171616,0.002288388,,,,PA,OL,M1,2022,12,12/21/2022,14:05,3
36,63,0.183326975,0.001616153,,,,PA,OL,M1,2022,3,3/31/2022,10:55,2
63,63,0.139965397,0.001125413,,,,PA,OL,M1,2020,10,10/14/2020,14:35,1
77,62,0.251609873,0.002520597,D,,,PA,OL,TY3,2020,10,10/14/2020,14:57,1
48,62,0.19505723,0.001868149,,,Y,PA,OL,M2,2022,12,12/21/2022,12:45,3
62,62,0.376512046,0.008898572,,,,PA,OL,M1,2022,12,12/21/2022,14:05,3
33,62,0.371217841,0.007359877,,,,PA,OL,M1,2022,3,3/31/2022,10:55,2
62,62,0.190408915,0.002136308,,,,PA,OL,M1,2020,10,10/14/2020,14:35,1
76,61,0.375243448,0.008561863,D,,,PA,OL,TY3,2020,10,10/14/2020,14:57,1
23,61,0.132825634,0.001259727,,,Y,PA,OL,M2,2022,12,12/21/2022,12:45,3
61,61,0.217558699,0.002545537,Fu,,,PA,OL,M1,2020,10,10/14/2020,14:35,1
75,60,0.211767146,0.002704008,D,,,PA,OL,TY3,2020,10,10/14/2020,14:57,1
17,60,0.281245084,0.004071814,,,Y,PA,OL,M2,2022,12,12/21/2022,12:45,3
54,60,0.26408849,0.003171221,Fu,,,PA,OL,M1,2022,3,3/31/2022,10:55,2
60,60,0.097292913,0.000636084,,,,PA,OL,M1,2020,10,10/14/2020,14:35,1
42,59,0.23196652,0.00295,D, ,Y,PA,OL,M2,2022,1,1/18/2022,16:36,2
59,59,0.175553395,0.001955898,Fu,,,PA,OL,M1,2020,10,10/14/2020,14:35,1
73,58,0.24818747,0.00397465,D,,,PA,OL,TY3,2020,10,10/14/2020,14:57,1
10,58,0.116821175,0.00098051,,,Y,PA,OL,M2,2022,12,12/21/2022,12:45,3
58,58,0.183248358,0.001779763,Fu,,,PA,OL,M1,2020,10,10/14/2020,14:35,1
157,57,0.25093502,0.002729873,D,,,PA,OL,TY3,2020,10,10/14/2020,14:57,1
8,57,0.270561721,0.004829278,,,,PA,OL,M2,2022,12,12/21/2022,12:45,3
41,57,0.15084319,0.001445, , ,Y,PA,OL,M2,2022,1,1/18/2022,16:36,2
57,57,0.227338629,0.00307457,Fu,,,PA,OL,M1,2020,10,10/14/2020,14:35,1
158,56,0.685676616,0.008435392,Fi,,,PA,OL,TY3,2020,10,10/14/2020,14:57,1
2,56,0.507530268,0.012276991,,,,PA,OL,M2,2022,12,12/21/2022,12:45,3
35,56,0.437519003,0.01185, , , ,PA,OL,M2,2022,1,1/18/2022,16:36,2
53,56,0.397684325,0.01036,,,,PA,OL,M2,2020,10,10/12/2020,14:21,1
56,56,0.067236787,0.000237279,D,,,PA,OL,M1,2020,10,10/14/2020,14:35,1
70,55,0.1467562,0.001355792,D,,,PA,OL,TY3,2020,10,10/14/2020,14:57,1
52,55,0.368883641,0.003404,D, , ,PA,OL,M2,2020,10,10/12/2020,14:21,1
37,55,0.40885473,0.011205497,,,,PA,OL,M1,2022,12,12/21/2022,14:05,3
52,55,0.327596325,0.006237356,,,,PA,OL,M1,2022,3,3/31/2022,10:55,2
55,55,0.153841463,0.001546608,,,,PA,OL,M1,2020,10,10/14/2020,14:35,1
69,54,0.319008155,0.007395835,D,,,PA,OL,TY3,2020,10,10/14/2020,14:57,1
50,54,0.154224822,0.001038,D, , ,PA,OL,M2,2020,10,10/12/2020,14:21,1
36,54,0.387929856,0.007773676,,,,PA,OL,M1,2022,12,12/21/2022,14:05,3
55,54,0.424338758,0.009184202,,,,PA,OL,M1,2022,3,3/31/2022,10:55,2
54,54,0.286551478,0.004381603,,,,PA,OL,M1,2020,10,10/14/2020,14:35,1
131,53,0.292846226,0.003968567,Fu,,,PA,OL,TY3,2020,10,10/14/2020,14:57,1
49,53,0.665832193,0.01343,D,,,PA,OL,M2,2020,10,10/12/2020,14:21,1
67,52,0.132580598,0.00096983,D,,,PA,OL,TY3,2020,10,10/14/2020,14:57,1
61,51,0.33632431,0.007233743,,,,PA,OL,TY3,2022,12,12/21/2022,11:47,3
50,51,0.260680487,0.004417776,,,,PA,OL,TY3,2022,4,4/12/2022,10:51,2
66,51,0.204728317,0.002845178,,,,PA,OL,TY3,2020,10,10/14/2020,14:57,1
84,50,0.37672154,0.008430127,,,,PA,OL,TY3,2022,12,12/21/2022,11:47,3
49,50,0.288739479,0.003794261,,,,PA,OL,TY3,2022,4,4/12/2022,10:51,2
65,50,0.085457872,0.000368658,,,,PA,OL,TY3,2020,10,10/14/2020,14:57,1
62,50,0.238500934,0.003923536,Fu,,,PA,OL,M1,2022,3,3/31/2022,10:55,2
50,50,0.136059365,0.001130007,,,,PA,OL,M1,2020,10,10/14/2020,14:35,1
85,49,0.352886292,0.00716321,,,,PA,OL,TY3,2022,12,12/21/2022,11:47,3
48,49,0.222014902,0.002641815,,,,PA,OL,TY3,2022,4,4/12/2022,10:51,2
64,49,0.51462655,0.01040162,,,,PA,OL,TY3,2020,10,10/14/2020,14:57,1
48,49,0.157117287,0.0007649,Fu, , ,PA,OL,M2,2020,10,10/12/2020,14:21,1
49,49,0.126929623,0.001008525,D,,,PA,OL,M1,2020,10,10/14/2020,14:35,1
63,48,0.961680177,0.018683373,Fi,,,PA,OL,TY3,2020,10,10/14/2020,14:57,1
48,48,0.484796942,0.009172986,D,,,PA,OL,M1,2020,10,10/14/2020,14:35,1
45,47,0.636620196,0.011506692,D,,,PA,OL,TY3,2022,4,4/12/2022,10:51,2
61,47,0.445122932,0.012019906,,,,PA,OL,TY3,2020,10,10/14/2020,14:57,1
39,47,0.301236843,0.00463,Fu, , ,PA,OL,M2,2022,1,1/18/2022,16:36,2
47,47,0.243754453,0.002039,,,,PA,OL,M2,2020,10,10/12/2020,14:21,1
25,47,0.262469004,0.004302649,,,,PA,OL,M1,2022,12,12/21/2022,14:05,3
57,47,0.216274668,0.002919883,,,,PA,OL,M1,2022,3,3/31/2022,10:55,2
47,47,0.179171937,0.001363226,,,,PA,OL,M1,2020,10,10/14/2020,14:35,1
89,46,0.472029384,0.015536668,,,,PA,OL,TY3,2022,12,12/21/2022,11:47,3
44,46,0.452692605,0.012259403,,,,PA,OL,TY3,2022,4,4/12/2022,10:51,2
60,46,0.297485023,0.005135441,,,,PA,OL,TY3,2020,10,10/14/2020,14:57,1
46,46,1.010307726,0.029652754,,,,PA,OL,M2,2022,12,12/21/2022,12:45,3
40,46,0.817719301,0.03236,,,,PA,OL,M2,2022,1,1/18/2022,16:36,2
46,46,0.780366103,0.02093,, , ,PA,OL,M2,2020,10,10/12/2020,14:21,1
43,45,0.411396654,0.009951453,D,,,PA,OL,TY3,2022,4,4/12/2022,10:51,2
59,45,0.402030626,0.010010956,,,,PA,OL,TY3,2020,10,10/14/2020,14:57,1
45,45,0.413696931,0.006574,D,,,PA,OL,M2,2020,10,10/12/2020,14:21,1
32,45,0.573430596,0.021073216,,,,PA,OL,M1,2022,12,12/21/2022,14:05,3
59,45,0.533930067,0.017317838,,,,PA,OL,M1,2022,3,3/31/2022,10:55,2
45,45,0.457552485,0.012173519,,,,PA,OL,M1,2020,10,10/14/2020,14:35,1
92,44,0.485249871,0.013313429,,,,PA,OL,TY3,2022,12,12/21/2022,11:47,3
42,44,0.321315198,0.007811835,,,,PA,OL,TY3,2022,4,4/12/2022,10:51,2
58,44,0.156716026,0.001615792,,,,PA,OL,TY3,2020,10,10/14/2020,14:57,1
44,44,0.239181646,0.002868,D, , ,PA,OL,M2,2020,10,10/12/2020,14:21,1
35,44,0.410734068,0.009082665,,,,PA,OL,M1,2022,12,12/21/2022,14:05,3
65,44,0.301480259,0.005577391,,,,PA,OL,M1,2022,3,3/31/2022,10:55,2
44,44,0.174328918,0.001487536,,,,PA,OL,M1,2020,10,10/14/2020,14:35,1
43,43,0.484250301,0.006381,Fu,,,PA,OL,M2,2020,10,10/12/2020,14:21,1
43,43,0.11474025,0.000595285,D,,,PA,OL,M1,2020,10,10/14/2020,14:35,1
167,42,0.689505826,0.012530963,Fi,,,PA,OL,TY3,2022,4,4/12/2022,10:51,2
56,42,0.333895167,0.005373586,,,,PA,OL,TY3,2020,10,10/14/2020,14:57,1
36,42,0.706886483,0.02995,Fi, , ,PA,OL,M2,2022,1,1/18/2022,16:36,2
42,42,0.804372485,0.01636,, , ,PA,OL,M2,2020,10,10/12/2020,14:21,1
63,42,0.440980053,0.008111081,,,,PA,OL,M1,2022,12,12/21/2022,14:05,3
23,42,0.371824115,0.003449469,,,,PA,OL,M1,2022,3,3/31/2022,10:55,2
42,42,0.242717016,0.003692129,,,,PA,OL,M1,2020,10,10/14/2020,14:35,1
143,41,0.932233681,0.015088851,Fi,,,PA,OL,TY3,2020,10,10/14/2020,14:57,1
33,41,0.272651907,0.004394,D, , ,PA,OL,M2,2022,1,1/18/2022,16:36,2
40,41,0.318415003,0.0044,, , ,PA,OL,M2,2020,10,10/12/2020,14:21,1
41,41,0.37751074,0.007208502,Fu,,,PA,OL,M1,2020,10,10/14/2020,14:35,1
146,40,0.44129219,0.010502057,Fi,,,PA,OL,TY3,2020,10,10/14/2020,14:57,1
11,40,0.366226798,0.007220737,,,,PA,OL,M2,2022,12,12/21/2022,12:45,3
30,40,0.344964875,0.002455,,,,PA,OL,M2,2022,1,1/18/2022,16:36,2
39,40,0.281527662,0.003238,,,,PA,OL,M2,2020,10,10/12/2020,14:21,1
40,40,0.496873158,0.010597033,Fu,,,PA,OL,M1,2020,10,10/14/2020,14:35,1
53,39,0.121255251,0.001026547,Fu,,,PA,OL,TY3,2020,10,10/14/2020,14:57,1
38,39,0.869772892,0.0167,Fi, , ,PA,OL,M2,2020,10,10/12/2020,14:21,1
15,39,0.244657086,0.002386482,D,,,PA,OL,M1,2022,3,3/31/2022,10:55,2
39,39,0.139689461,0.001241874,,,,PA,OL,M1,2020,10,10/14/2020,14:35,1
52,38,0.340188,0.006378079,Fu,,,PA,OL,TY3,2020,10,10/14/2020,14:57,1
32,38,0.500160239,0.009750004,,,,PA,OL,M2,2022,12,12/21/2022,12:45,3
11,38,0.470723183,0.006928,,,,PA,OL,M2,2022,1,1/18/2022,16:36,2
36,38,0.407247987,0.003866,, , ,PA,OL,M2,2020,10,10/12/2020,14:21,1
24,38,0.443490626,0.012808384,,,,PA,OL,M1,2022,12,12/21/2022,14:05,3
58,38,0.403036342,0.009567425,,,,PA,OL,M1,2022,3,3/31/2022,10:55,2
38,38,0.303206778,0.004134044,,,,PA,OL,M1,2020,10,10/14/2020,14:35,1
36,37,0.340175409,0.004348456,D,,,PA,OL,TY3,2022,4,4/12/2022,10:51,2
51,37,0.478658049,0.015237614,,,,PA,OL,TY3,2020,10,10/14/2020,14:57,1
22,37,0.3122202,0.003569,D, , ,PA,OL,M2,2022,1,1/18/2022,16:36,2
35,37,0.699530396,0.02033,,,,PA,OL,M2,2020,10,10/12/2020,14:21,1
28,37,0.252704278,0.002986445,Fu,,,PA,OL,M1,2022,3,3/31/2022,10:55,2
37,37,0.121294024,0.000673087,,,,PA,OL,M1,2020,10,10/14/2020,14:35,1
66,36,0.34371765,0.006358267,,,,PA,OL,TY3,2022,12,12/21/2022,11:47,3
35,36,0.413025512,0.007604451,,,,PA,OL,TY3,2022,4,4/12/2022,10:51,2
50,36,0.423653705,0.011949857,,,,PA,OL,TY3,2020,10,10/14/2020,14:57,1
34,36,0.425639487,0.01017,D, , ,PA,OL,M2,2020,10,10/12/2020,14:21,1
27,36,0.365131504,0.006684661,Fu,,,PA,OL,M1,2022,3,3/31/2022,10:55,2
36,36,0.262259759,0.002448485,,,,PA,OL,M1,2020,10,10/14/2020,14:35,1
64,35,0.418296664,0.010649404,,,,PA,OL,TY3,2022,12,12/21/2022,11:47,3
34,35,0.411386459,0.009433618,,,,PA,OL,TY3,2022,4,4/12/2022,10:51,2
49,35,0.579440514,0.017783368,,,,PA,OL,TY3,2020,10,10/14/2020,14:57,1
40,35,0.447678676,0.010635297,,,,PA,OL,M2,2022,12,12/21/2022,12:45,3
25,35,0.40927368,0.00852,,,,PA,OL,M2,2022,1,1/18/2022,16:36,2
33,35,0.280719911,0.004273,,,,PA,OL,M2,2020,10,10/12/2020,14:21,1
74,35,0.351794172,0.005887157,,,,PA,OL,M1,2022,12,12/21/2022,14:05,3
25,35,0.355229663,0.005317994,,,,PA,OL,M1,2022,3,3/31/2022,10:55,2
35,35,0.360129136,0.004440183,,,,PA,OL,M1,2020,10,10/14/2020,14:35,1
48,34,0.127366167,0.001198343,Fu,,,PA,OL,TY3,2020,10,10/14/2020,14:57,1
39,34,0.391439556,0.007489977,,,,PA,OL,M2,2022,12,12/21/2022,12:45,3
24,34,0.201104683,0.00266,,,,PA,OL,M2,2022,1,1/18/2022,16:36,2
32,34,0.357300569,0.007183,, , ,PA,OL,M2,2020,10,10/12/2020,14:21,1
75,34,0.983036819,0.021841438,,,,PA,OL,M1,2022,12,12/21/2022,14:05,3
169,34,0.716560491,0.018961588,,,,PA,OL,M1,2022,3,3/31/2022,10:55,2
34,34,0.670564175,0.011721457,,,,PA,OL,M1,2020,10,10/14/2020,14:35,1
47,33,0.307997481,0.006299894,Fu,,,PA,OL,TY3,2020,10,10/14/2020,14:57,1
31,33,0.352108228,0.006136,D,,,PA,OL,M2,2020,10,10/12/2020,14:21,1
65,32,0.203815201,0.002444397,,,,PA,OL,TY3,2022,12,12/21/2022,11:47,3
32,32,0.191917487,0.001907965,,,,PA,OL,TY3,2022,4,4/12/2022,10:51,2
46,32,0.257501488,0.003512209,,,,PA,OL,TY3,2020,10,10/14/2020,14:57,1
38,32,0.601263793,0.016183048,,,,PA,OL,M2,2022,12,12/21/2022,12:45,3
23,32,0.595870672,0.01116,,,,PA,OL,M2,2022,1,1/18/2022,16:36,2
30,32,0.468916775,0.01,, , ,PA,OL,M2,2020,10,10/12/2020,14:21,1
14,32,0.325776409,0.005910265,,,,PA,OL,M1,2022,12,12/21/2022,14:05,3
22,32,0.370252516,0.004133806,,,,PA,OL,M1,2022,3,3/31/2022,10:55,2
32,32,0.270066439,0.00201151,,,,PA,OL,M1,2020,10,10/14/2020,14:35,1
58,31,0.349804376,0.008428728,,,,PA,OL,TY3,2022,12,12/21/2022,11:47,3
31,31,0.30318892,0.00517923,,,,PA,OL,TY3,2022,4,4/12/2022,10:51,2
45,31,0.247946541,0.003598641,,,,PA,OL,TY3,2020,10,10/14/2020,14:57,1
9,31,0.460051276,0.010921341,,,,PA,OL,M2,2022,12,12/21/2022,12:45,3
34,31,0.418933194,0.007599,,,,PA,OL,M2,2022,1,1/18/2022,16:36,2
29,31,0.397472904,0.007542,,,,PA,OL,M2,2020,10,10/12/2020,14:21,1
13,31,0.133751758,0.00070496,,,,PA,OL,M1,2022,12,12/21/2022,14:05,3
19,31,0.208717689,0.002481749,,,,PA,OL,M1,2022,3,3/31/2022,10:55,2
31,31,0.320486774,0.003610759,,,,PA,OL,M1,2020,10,10/14/2020,14:35,1
46,30,0.494692107,0.012071217,,,,PA,OL,TY3,2022,12,12/21/2022,11:47,3
30,30,0.436846535,0.00637984,,,,PA,OL,TY3,2022,4,4/12/2022,10:51,2
44,30,0.248314529,0.004710975,,,,PA,OL,TY3,2020,10,10/14/2020,14:57,1
35,30,0.556127765,0.01341859,,,,PA,OL,M2,2022,12,12/21/2022,12:45,3
37,30,0.384007709,0.007857,,,,PA,OL,M2,2022,1,1/18/2022,16:36,2
28,30,0.460778067,0.008094, , , ,PA,OL,M2,2020,10,10/12/2020,14:21,1
42,29,0.448060324,0.009939407,D,,,PA,OL,TY3,2020,10,10/14/2020,14:57,1
7,29,0.704601856,0.014532765,,,,PA,OL,M2,2022,12,12/21/2022,12:45,3
32,29,0.999427599,0.02715,,,,PA,OL,M2,2022,1,1/18/2022,16:36,2
25,29,0.858733166,0.02503,,,,PA,OL,M2,2020,10,10/12/2020,14:21,1
9,29,0.802940785,0.019547155,,,,PA,OL,M1,2022,12,12/21/2022,14:05,3
9,29,0.930910038,0.020956052,,,,PA,OL,M1,2022,3,3/31/2022,10:55,2
29,29,0.542843177,0.015413821,,,,PA,OL,M1,2020,10,10/14/2020,14:35,1
28,28,0.259916009,0.00284301,D,,,PA,OL,TY3,2022,4,4/12/2022,10:51,2
40,28,0.399948621,0.00876133,,,,PA,OL,TY3,2020,10,10/14/2020,14:57,1
28,28,0.431631181,0.009171,Fu, , ,PA,OL,M2,2022,1,1/18/2022,16:36,2
26,28,0.418824312,0.01007,, , ,PA,OL,M2,2020,10,10/12/2020,14:21,1
165,28,0.265726458,0.002038036,D,,,PA,OL,M1,2022,3,3/31/2022,10:55,2
28,28,0.426310947,0.010429705,,,,PA,OL,M1,2020,10,10/14/2020,14:35,1
39,27,0.302200432,0.004698206,D,,,PA,OL,TY3,2020,10,10/14/2020,14:57,1
6,27,0.467271839,0.011712549,,,,PA,OL,M2,2022,12,12/21/2022,12:45,3
31,27,0.439143591,0.007804,,,,PA,OL,M2,2022,1,1/18/2022,16:36,2
24,27,0.394395693,0.008087,, , ,PA,OL,M2,2020,10,10/12/2020,14:21,1
12,27,0.436220594,0.01069022,,,,PA,OL,M1,2022,12,12/21/2022,14:05,3
18,27,0.434998809,0.00961963,,,,PA,OL,M1,2022,3,3/31/2022,10:55,2
27,27,0.243001584,0.002846039,,,,PA,OL,M1,2020,10,10/14/2020,14:35,1
37,26,0.313236881,0.004800099,D,,,PA,OL,TY3,2020,10,10/14/2020,14:57,1
29,26,0.6973352,0.01745,D, , ,PA,OL,M2,2022,1,1/18/2022,16:36,2
23,26,0.61488385,0.01453,,,,PA,OL,M2,2020,10,10/12/2020,14:21,1
8,26,0.478289033,0.010122885,,,,PA,OL,M1,2022,12,12/21/2022,14:05,3
8,26,0.452683884,0.008049394,,,,PA,OL,M1,2022,3,3/31/2022,10:55,2
26,26,0.262151814,0.004377332,,,,PA,OL,M1,2020,10,10/14/2020,14:35,1
25,25,0.445308609,0.006532999,D,,,PA,OL,TY3,2022,4,4/12/2022,10:51,2
148,25,0.538514523,0.017550205,,,,PA,OL,TY3,2020,10,10/14/2020,14:57,1
31,25,0.54286356,0.012524102,,,,PA,OL,M2,2022,12,12/21/2022,12:45,3
9,25,0.798164279,0.02174,,,,PA,OL,M2,2022,1,1/18/2022,16:36,2
22,25,0.633039554,0.01858,, , ,PA,OL,M2,2020,10,10/12/2020,14:21,1
17,25,0.411808205,0.011111994,,,,PA,OL,M1,2022,12,12/21/2022,14:05,3
2,25,0.378680584,0.007571368,,,,PA,OL,M1,2022,3,3/31/2022,10:55,2
25,25,0.235507765,0.00309054,,,,PA,OL,M1,2020,10,10/14/2020,14:35,1
2,24,0.368051322,0.008408471,,,,PA,OL,TY3,2022,12,12/21/2022,11:47,3
24,24,0.356201547,0.007199969,,,,PA,OL,TY3,2022,4,4/12/2022,10:51,2
35,24,0.327798984,0.0065893,,,,PA,OL,TY3,2020,10,10/14/2020,14:57,1
29,24,0.531575861,0.012936694,,,,PA,OL,M2,2022,12,12/21/2022,12:45,3
10,24,0.524913217,0.008196,,,,PA,OL,M2,2022,1,1/18/2022,16:36,2
21,24,0.393957814,0.006649,,,,PA,OL,M2,2020,10,10/12/2020,14:21,1
24,24,0.380070164,0.007693575,D,,,PA,OL,M1,2020,10,10/14/2020,14:35,1
33,23,0.264552192,0.003618163,D,,,PA,OL,TY3,2020,10,10/14/2020,14:57,1
27,23,0.445380932,0.011543699,,,,PA,OL,M2,2022,12,12/21/2022,12:45,3
7,23,0.52362451,0.01365,,,,PA,OL,M2,2022,1,1/18/2022,16:36,2
20,23,0.516049793,0.01066,, , ,PA,OL,M2,2020,10,10/12/2020,14:21,1
12,22,0.334494772,0.006971007,,,,PA,OL,TY3,2022,12,12/21/2022,11:47,3
22,22,0.329569529,0.005426112,,,,PA,OL,TY3,2022,4,4/12/2022,10:51,2
32,22,0.214584531,0.001843009,,,,PA,OL,TY3,2020,10,10/14/2020,14:57,1
8,22,0.527478342,0.0145,D, , ,PA,OL,M2,2022,1,1/18/2022,16:36,2
19,22,0.867550538,0.02121,,,,PA,OL,M2,2020,10,10/12/2020,14:21,1
6,22,0.366226346,0.009249951,,,,PA,OL,M1,2022,12,12/21/2022,14:05,3
3,22,0.408551052,0.010686285,,,,PA,OL,M1,2022,3,3/31/2022,10:55,2
22,22,0.220434177,0.002784314,,,,PA,OL,M1,2020,10,10/14/2020,14:35,1
31,21,0.399987783,0.00964822,D,,,PA,OL,TY3,2020,10,10/14/2020,14:57,1
30,21,0.591497567,0.01568244,,,,PA,OL,M2,2022,12,12/21/2022,12:45,3
12,21,0.681162163,0.01388,,,,PA,OL,M2,2022,1,1/18/2022,16:36,2
18,21,0.453772105,0.009973,, , ,PA,OL,M2,2020,10,10/12/2020,14:21,1
21,21,0.451473954,0.004227965,Fu,,,PA,OL,M1,2020,10,10/14/2020,14:35,1
69,20,0.345438402,0.007644047,,,,PA,OL,TY3,2022,12,12/21/2022,11:47,3
20,20,0.302452327,0.005673705,,,,PA,OL,TY3,2022,4,4/12/2022,10:51,2
29,20,0.306331984,0.004816305,,,,PA,OL,TY3,2020,10,10/14/2020,14:57,1
42,20,0.274841142,0.004694458,,,,PA,OL,M2,2022,12,12/21/2022,12:45,3
18,20,0.776608348,0.01654,,,,PA,OL,M2,2022,1,1/18/2022,16:36,2
17,20,0.578941648,0.01664,,,,PA,OL,M2,2020,10,10/12/2020,14:21,1
20,20,0.160722339,0.000828501,Fu,,,PA,OL,M1,2020,10,10/14/2020,14:35,1
71,19,0.489049366,0.013566238,,,,PA,OL,TY3,2022,12,12/21/2022,11:47,3
19,19,0.445785674,0.011651251,,,,PA,OL,TY3,2022,4,4/12/2022,10:51,2
27,19,0.353308554,0.007847008,,,,PA,OL,TY3,2020,10,10/14/2020,14:57,1
25,19,0.737964983,0.015168223,,,,PA,OL,M2,2022,12,12/21/2022,12:45,3
16,19,0.692565613,0.01536,,,,PA,OL,M2,2022,1,1/18/2022,16:36,2
16,19,0.564838042,0.01549,, , ,PA,OL,M2,2020,10,10/12/2020,14:21,1
4,19,0.687038709,0.024643124,,,,PA,OL,M1,2022,12,12/21/2022,14:05,3
6,19,0.710943418,0.022458729,,,,PA,OL,M1,2022,3,3/31/2022,10:55,2
19,19,0.687118695,0.012545929,,,,PA,OL,M1,2020,10,10/14/2020,14:35,1
18,18,0.27301193,0.002541504,Fu,,,PA,OL,TY3,2022,4,4/12/2022,10:51,2
26,18,0.128130876,0.000855453,,,,PA,OL,TY3,2020,10,10/14/2020,14:57,1
22,18,0.397073337,0.007226382,,18,,PA,OL,M2,2022,12,12/21/2022,12:45,3
15,18,0.410621799,0.00478,Fi, , ,PA,OL,M2,2022,1,1/18/2022,16:36,2
15,18,0.587330225,0.01256,,,,PA,OL,M2,2020,10,10/12/2020,14:21,1
3,18,0.427848096,0.009684014,,,,PA,OL,M1,2022,12,12/21/2022,14:05,3
1,18,0.377804982,0.007929656,,,,PA,OL,M1,2022,3,3/31/2022,10:55,2
18,18,0.222886215,0.001827599,,,,PA,OL,M1,2020,10,10/14/2020,14:35,1
17,17,0.313509329,0.003356684,Fu,,,PA,OL,TY3,2022,4,4/12/2022,10:51,2
24,17,0.16307669,0.001710029,,,,PA,OL,TY3,2020,10,10/14/2020,14:57,1
24,17,0.377554437,0.009278391,,,,PA,OL,M2,2022,12,12/21/2022,12:45,3
17,17,0.427112845,0.006457,,,,PA,OL,M2,2022,1,1/18/2022,16:36,2
14,17,0.575750159,0.0144,, , ,PA,OL,M2,2020,10,10/12/2020,14:21,1
23,16,0.28366306,0.004683743,D,,,PA,OL,TY3,2020,10,10/14/2020,14:57,1
21,16,0.472135743,0.0123,Fu, , ,PA,OL,M2,2022,1,1/18/2022,16:36,2
12,16,0.506925752,0.01489,, , ,PA,OL,M2,2020,10,10/12/2020,14:21,1
22,15,0.371619217,0.007404093,D,,,PA,OL,TY3,2020,10,10/14/2020,14:57,1
13,15,0.273937242,0.00402,D,,,PA,OL,M2,2020,10,10/12/2020,14:21,1
21,14,0.174679266,0.001645266,D,,,PA,OL,TY3,2020,10,10/14/2020,14:57,1
44,14,0.515502737,0.010151063,,,,PA,OL,M2,2022,12,12/21/2022,12:45,3
20,14,0.412165127,0.009238,,,,PA,OL,M2,2022,1,1/18/2022,16:36,2
11,14,0.458872522,0.01048,,,,PA,OL,M2,2020,10,10/12/2020,14:21,1
20,13,0.228778318,0.003531385,D,,,PA,OL,TY3,2020,10,10/14/2020,14:57,1
45,13,0.49642999,0.013120019,,,,PA,OL,M2,2022,12,12/21/2022,12:45,3
19,13,0.506845276,0.01101,,,,PA,OL,M2,2022,1,1/18/2022,16:36,2
10,13,0.623922258,0.01754,, , ,PA,OL,M2,2020,10,10/12/2020,14:21,1
19,12,0.462557998,0.01088043,Fi,,,PA,OL,TY3,2020,10,10/14/2020,14:57,1
14,12,0.823351345,0.01101,D, , ,PA,OL,M2,2022,1,1/18/2022,16:36,2
37,12,0.581566008,0.007279,,,,PA,OL,M2,2020,10,10/12/2020,14:21,1
18,11,0.563141247,0.019033215,Fi,,,PA,OL,TY3,2020,10,10/14/2020,14:57,1
21,11,0.491580023,0.01275818,,,,PA,OL,M2,2022,12,12/21/2022,12:45,3
13,11,0.458427617,0.01136,,,,PA,OL,M2,2022,1,1/18/2022,16:36,2
9,11,0.382895416,0.005304,,,,PA,OL,M2,2020,10,10/12/2020,14:21,1
7,10,0.703780557,0.015017516,,,,PA,OL,TY3,2022,12,12/21/2022,11:47,3
10,10,0.513431551,0.011882375,,,,PA,OL,TY3,2022,4,4/12/2022,10:51,2
17,10,0.379778397,0.00817922,,,,PA,OL,TY3,2020,10,10/14/2020,14:57,1
8,10,0.431087982,0.009964,D, , ,PA,OL,M2,2020,10,10/12/2020,14:21,1
147,9,0.258936701,0.002368558,D,,,PA,OL,TY3,2020,10,10/14/2020,14:57,1
19,9,0.326726581,0.00535229,,,,PA,OL,M2,2022,12,12/21/2022,12:45,3
4,9,0.312617039,0.005743,,,,PA,OL,M2,2022,1,1/18/2022,16:36,2
51,9,0.907904431,0.02003,,,,PA,OL,M2,2020,10,10/12/2020,14:21,1
14,8,0.309234528,0.005059436,D,,,PA,OL,TY3,2020,10,10/14/2020,14:57,1
14,8,0.343928073,0.006842523,,,,PA,OL,M2,2022,12,12/21/2022,12:45,3
6,8,0.346044295,0.007445,,,,PA,OL,M2,2022,1,1/18/2022,16:36,2
7,8,0.587391098,0.01531,,,,PA,OL,M2,2020,10,10/12/2020,14:21,1
144,7,0.816846673,0.012804517,D,,,PA,OL,TY3,2020,10,10/14/2020,14:57,1
15,7,0.583874616,0.015112661,,,,PA,OL,M2,2022,12,12/21/2022,12:45,3
5,7,0.590134336,0.01563,,,,PA,OL,M2,2022,1,1/18/2022,16:36,2
6,7,0.447140287,0.0113,, , ,PA,OL,M2,2020,10,10/12/2020,14:21,1
73,6,0.345536705,0.006715979,,,,PA,OL,TY3,2022,12,12/21/2022,11:47,3
6,6,0.347188327,0.006944667,,,,PA,OL,TY3,2022,4,4/12/2022,10:51,2
9,6,0.321913039,0.006047015,,,,PA,OL,TY3,2020,10,10/14/2020,14:57,1
13,6,0.44654127,0.012920638,,,,PA,OL,M2,2022,12,12/21/2022,12:45,3
2,6,0.445656303,0.0108,,,,PA,OL,M2,2022,1,1/18/2022,16:36,2
5,6,0.310774136,0.00514,,,,PA,OL,M2,2020,10,10/12/2020,14:21,1
7,5,0.318752588,0.006209411,D,,,PA,OL,TY3,2020,10,10/14/2020,14:57,1
4,5,0.155844924,0.001019,D, , ,PA,OL,M2,2020,10,10/12/2020,14:21,1
5,4,0.226080029,0.003038272,D,,,PA,OL,TY3,2020,10,10/14/2020,14:57,1
3,4,0.410023339,0.009761,Fu,,,PA,OL,M2,2020,10,10/12/2020,14:21,1
4,3,0.295912293,0.005818854,D,,,PA,OL,TY3,2020,10,10/14/2020,14:57,1
2,3,0.319004224,0.003207,Fu, , ,PA,OL,M2,2020,10,10/12/2020,14:21,1
3,2,0.354812055,0.005305305,D,,,PA,OL,TY3,2020,10,10/14/2020,14:57,1
1,2,0.663090199,0.008814,D,,,PA,OL,M2,2020,10,10/12/2020,14:21,1
155,1,0.074628263,0.000360515,,,,PA,OL,TY3,2022,12,12/21/2022,11:47,3
150,1,0.317767876,0.0032647,,1,,PA,OL,TY3,2022,4,4/12/2022,10:51,2
2,1,0.407819151,0.010324056,Fi,,,PA,OL,TY3,2020,10,10/14/2020,14:57,1
0,1,0.759777029,0.01409,D, , ,PA,OL,M2,2022,1,1/18/2022,16:36,2
0,1,0.739436606,0.02441,, , ,PA,OL,M2,2020,10,10/12/2020,14:21,1
1,1,0.884167557,0.009600483,D,,,PA,OL,M1,2020,10,10/14/2020,14:35,1
